{
  "precision": 0.7894736842105263,
  "recall": 0.9183673469387755,
  "f1": 0.8490566037735849,
  "num_test_examples": 61
}